Player Name,Team,attacking_Kills,attacking_Attacking Errors,attacking_Attacking Attempts,attacking_Attacks Per Match,blocking_Blocks,blocking_Blocking Errors,blocking_Rebounds,blocking_Blocks Per Match,defense_Great Saves,defense_Defensive Errors,defense_Receptions,defense_Digs Per Match,receiving_Successful Receives,receiving_Receiving Errors,receiving_Service Receptions,receiving_Receives Per Match,serving_Aces,serving_Service Errors,serving_Service Attempts,serving_Serves Per Match,setting_Running Sets,setting_Setting Errors,setting_Still Sets,setting_Sets Per Match
A. Bakry,QAT,5,3,8,1.67,2,1,3,0.67,1,2,0,0.33,1,0,0,0.33,0,2,4,0.0,0,0,0,0.0
A. Lagumdzija,TUR,38,9,21,12.67,4,4,4,1.33,11,5,0,3.67,0,0,1,0.0,0,9,29,1.0,0,1,3,0.0
A. Nikolov,BUL,63,15,36,21.0,3,4,8,1.0,6,5,0,2.0,14,2,21,4.67,0,13,38,1.67,1,1,6,0.33
A. Ramezani,IRI,0,0,0,0.0,0,0,0,0.0,0,0,0,0.0,0,0,0,0.0,0,0,1,0.0,6,0,6,3.0
A. Seoudy,EGY,7,0,3,3.5,1,5,2,0.5,0,1,0,0.0,1,0,1,0.5,0,1,11,0.0,1,0,1,0.5
A.Ellakany,EGY,0,0,0,0.0,0,0,0,0.0,1,0,0,0.5,0,0,0,0.0,0,0,3,0.0,2,0,2,1.0
A.Elshahat,EGY,5,1,1,2.5,1,5,2,0.5,0,0,0,0.0,0,0,0,0.0,0,3,4,0.5,0,0,0,0.0
A.Said,EGY,22,6,15,11.0,1,9,2,0.5,5,5,0,2.5,7,1,21,3.5,0,5,22,0.5,0,0,3,0.0
Abdallah,QAT,5,2,2,1.67,1,4,3,0.33,1,0,0,0.33,0,0,0,0.0,0,3,5,0.0,0,0,1,0.0
Abdelmalek,LBA,0,0,0,0.0,0,0,0,0.0,4,9,0,1.33,0,0,2,0.0,0,0,0,0.0,0,1,6,0.0
Abi Ayad,ALG,0,0,0,0.0,0,0,0,0.0,4,3,0,2.0,6,4,25,3.0,0,0,0,0.0,0,0,7,0.0
Abu Zariba,LBA,1,0,5,0.33,3,4,9,1.0,3,8,0,1.0,0,1,1,0.0,0,5,29,0.33,61,3,149,20.33
Abulababa,LBA,31,11,19,10.33,0,7,2,0.0,8,6,0,2.67,3,11,45,1.0,0,7,19,0.67,0,0,14,0.0
Aciobanitei,ROU,15,3,13,5.0,1,2,4,0.33,3,2,0,1.0,3,8,16,1.0,0,4,13,0.33,0,0,9,0.0
Adajar,PHI,0,0,0,0.0,0,0,0,0.0,0,0,0,0.0,0,0,0,0.0,0,0,0,0.0,0,0,0,0.0
Adriano,BRA,0,0,0,0.0,0,0,0,0.0,0,0,0,0.0,0,0,0,0.0,0,0,0,0.0,0,0,0,0.0
Ahyi,NED,46,18,29,15.33,3,7,11,1.0,10,7,0,3.33,0,0,3,0.0,0,10,24,4.0,1,0,8,0.33
Alan,BRA,22,8,17,11.0,2,7,7,1.0,11,4,0,5.5,0,0,0,0.0,0,4,17,0.5,0,0,2,0.0
Alashlam,LBA,0,0,1,0.0,0,2,0,0.0,0,0,0,0.0,0,0,1,0.0,0,1,2,0.0,0,0,0,0.0
Albornoz,CHI,0,0,0,0.0,0,1,0,0.0,5,1,0,1.67,0,0,1,0.0,0,0,6,0.0,8,0,16,2.67
Alex,POR,0,0,0,0.0,0,0,0,0.0,0,0,0,0.0,0,0,0,0.0,0,0,0,0.0,0,0,0,0.0
Alghoul,LBA,14,1,8,4.67,8,8,9,2.67,2,1,0,0.67,0,0,3,0.0,0,3,31,0.0,0,0,2,0.0
Almarrug,LBA,0,0,0,0.0,0,0,0,0.0,5,2,0,1.67,12,9,42,4.0,0,0,0,0.0,0,1,15,0.0
Alonso,CUB,0,0,0,0.0,0,0,0,0.0,0,0,0,0.0,0,0,0,0.0,0,0,0,0.0,0,0,0,0.0
Alwaddani,LBA,9,1,10,3.0,4,3,10,1.33,2,1,0,0.67,1,0,3,0.33,0,4,30,0.0,0,0,3,0.0
Amaranto,COL,29,9,17,9.67,1,4,4,0.33,6,3,0,2.0,0,0,1,0.0,0,6,9,0.33,0,0,1,0.0
Ambuila,COL,1,1,0,0.33,0,2,3,0.0,0,8,0,0.0,0,0,0,0.0,0,0,13,0.33,35,0,51,11.67
Amrat,ALG,2,3,2,1.0,1,0,0,0.5,0,0,0,0.0,0,0,0,0.0,0,1,0,0.0,0,0,0,0.0
Andre,POR,2,0,2,0.67,0,1,0,0.0,0,0,0,0.0,0,1,6,0.0,0,2,0,0.0,0,0,2,0.0
Antov,BUL,4,2,1,1.33,0,0,0,0.0,1,1,0,0.33,0,0,0,0.0,0,0,0,0.0,0,0,0,0.0
Anzani,ITA,6,2,2,3.0,4,6,2,2.0,2,2,0,1.0,1,0,1,0.5,0,1,18,0.0,0,0,2,0.0
Aponza,COL,9,5,9,3.0,6,9,8,2.0,3,4,0,1.0,4,0,4,1.33,0,3,27,0.67,0,0,3,0.0
Arab,ALG,0,2,0,0.0,0,1,0,0.0,0,1,0,0.0,1,0,0,0.5,0,1,2,0.0,0,0,1,0.0
Ararat,COL,13,4,8,4.33,5,7,9,1.67,5,2,0,1.67,0,0,3,0.0,0,6,30,1.0,0,0,5,0.0
Aravena,CHI,22,8,20,7.33,4,6,3,1.33,9,2,0,3.0,12,4,36,4.0,0,8,21,0.67,3,0,14,1.0
Araya,CHI,0,0,2,0.0,1,1,1,0.33,2,0,0,0.67,0,0,0,0.0,0,0,3,0.0,0,0,1,0.0
Arman,IRI,0,0,0,0.0,0,0,0,0.0,8,5,0,4.0,11,1,15,5.5,0,0,0,0.0,1,0,8,0.5
Armoa Morel,ARG,0,0,0,0.0,0,0,0,0.0,0,0,0,0.0,1,0,4,0.5,0,1,0,0.0,0,0,0,0.0
Arshia,IRI,0,0,0,0.0,0,12,2,0.0,3,4,0,1.5,0,0,1,0.0,0,7,18,0.0,91,1,50,45.5
Arthur,BRA,26,6,24,13.0,1,3,5,0.5,4,0,0,2.0,11,4,26,5.5,0,7,11,0.5,0,0,2,0.0
Asparuhov,BUL,27,3,14,9.0,3,5,6,1.0,9,5,0,3.0,3,2,12,1.0,0,7,34,1.33,1,0,5,0.33
Asran,EGY,0,0,0,0.0,0,0,0,0.0,0,0,0,0.0,0,0,0,0.0,0,2,4,0.0,0,0,0,0.0
Atanasov,BUL,21,6,17,7.0,7,3,3,2.33,13,6,0,4.33,15,3,38,5.0,0,7,28,1.0,1,1,15,0.33
Averill,USA,0,0,0,0.0,0,0,0,0.0,0,0,0,0.0,0,0,0,0.0,0,0,0,0.0,0,0,0,0.0
Azab,EGY,1,0,0,0.5,0,0,0,0.0,0,0,0,0.0,0,0,3,0.0,0,0,6,0.0,0,0,0,0.0
B. Bayraktar,TUR,0,0,0,0.0,0,0,0,0.0,27,6,0,9.0,15,7,30,5.0,0,0,0,0.0,0,0,13,0.0
B. Dias,POR,1,0,0,0.33,0,1,2,0.0,0,0,0,0.0,0,0,0,0.0,0,2,4,0.0,15,0,3,5.0
Baccour.W,TUN,0,0,0,0.0,0,0,0,0.0,0,0,0,0.0,0,0,0,0.0,0,0,4,0.0,5,0,1,2.5
Bagunas,PHI,43,9,25,21.5,3,6,4,1.5,8,6,0,4.0,4,1,29,2.0,0,6,16,1.0,0,0,3,0.0
Bak,NED,3,3,4,1.0,3,0,1,1.0,1,1,0,0.33,1,1,5,0.33,0,0,6,0.33,0,0,0,0.0
Bala,ROU,5,2,2,1.67,0,6,1,0.0,2,1,0,0.67,2,3,12,0.67,0,2,5,0.33,0,0,5,0.0
Balaso,ITA,0,0,0,0.0,0,0,0,0.0,13,3,0,6.5,6,5,31,3.0,0,0,0,0.0,0,0,10,0.0
Balean,ROU,31,12,24,10.33,0,9,5,0.0,6,7,0,2.0,0,1,8,0.0,0,9,29,0.67,5,0,12,1.67
Banda,CHI,1,1,0,0.33,0,4,1,0.0,6,2,0,2.0,0,1,0,0.0,0,1,23,0.0,51,0,107,17.0
Bartha,ROU,19,1,3,6.33,7,12,15,2.33,3,3,0,1.0,1,0,3,0.33,0,12,17,0.33,0,0,4,0.0
Bartunek,CZE,3,1,0,1.5,0,0,1,0.0,2,7,0,1.0,0,0,0,0.0,0,3,13,0.0,34,1,81,17.0
Bedirhan,TUR,18,3,9,6.0,6,4,17,2.0,2,3,0,0.67,2,1,2,0.67,0,8,31,2.0,0,0,5,0.0
Belal,QAT,10,4,7,3.33,7,7,9,2.33,1,0,0,0.33,1,0,1,0.33,0,4,17,0.0,0,0,1,0.0
Ben Romdhane.O,TUN,28,7,18,14.0,3,3,3,1.5,7,4,0,3.5,7,5,17,3.5,0,5,22,0.0,1,0,8,0.5
Ben Slimene K,TUN,3,0,1,1.5,2,4,5,1.0,8,1,0,4.0,0,0,0,0.0,0,4,21,0.5,76,2,65,38.0
Ben Taher.M,TUN,0,0,1,0.0,1,1,0,0.5,0,0,0,0.0,0,0,0,0.0,0,0,0,0.0,0,0,0,0.0
Benavides,COL,24,9,28,8.0,1,5,7,0.33,7,1,0,2.33,12,6,52,4.0,0,8,22,1.0,0,0,8,0.0
Benda,CZE,0,0,0,0.0,0,0,0,0.0,0,0,0,0.0,0,0,0,0.0,0,1,0,0.0,0,0,0,0.0
Berkhout,NED,2,0,3,0.67,1,2,4,0.33,12,8,0,4.0,0,0,0,0.0,0,6,29,0.0,50,1,159,16.67
Bisset,CUB,0,2,4,0.0,1,3,2,0.33,1,0,0,0.33,0,0,0,0.0,0,1,4,0.33,0,0,1,0.0
Bobby,QAT,1,0,4,0.33,2,5,9,0.67,15,9,0,5.0,0,1,0,0.0,0,4,32,1.0,77,3,186,25.67
Boiko,UKR,0,0,0,0.0,0,0,0,0.0,0,3,0,0.0,7,3,11,3.5,0,0,0,0.0,2,0,4,1.0
Bonacic,CHI,0,0,0,0.0,0,0,0,0.0,1,0,0,0.33,0,0,0,0.0,0,1,2,0.0,0,0,1,0.0
Bongui.A,TUN,20,4,20,10.0,3,10,2,1.5,3,3,0,1.5,0,1,0,0.0,0,5,12,0.0,0,0,1,0.0
Bottolo,ITA,27,9,17,13.5,1,11,4,0.5,4,2,0,2.0,7,1,29,3.5,0,9,15,1.0,1,0,2,0.5
Bouaziz. A,TUN,0,0,2,0.0,0,1,0,0.0,0,0,0,0.0,1,0,1,0.5,0,0,0,0.0,0,0,0,0.0
Bourouba,ALG,0,2,2,0.0,0,1,1,0.0,0,0,0,0.0,0,0,0,0.0,0,0,3,0.5,0,0,1,0.0
Boussabah.A,TUN,0,0,0,0.0,0,0,0,0.0,0,0,0,0.0,0,0,0,0.0,0,0,0,0.0,0,0,0,0.0
Bouyoucef,ALG,5,0,4,2.5,1,1,5,0.5,2,0,0,1.0,0,1,3,0.0,0,0,9,0.0,0,0,1,0.0
Brand,GER,19,8,16,6.33,1,11,5,0.33,7,6,0,2.33,14,3,38,4.67,0,3,25,0.67,0,0,12,0.0
Bravo,CHI,0,0,0,0.0,0,0,0,0.0,5,11,0,1.67,4,1,40,1.33,0,0,0,0.0,1,0,5,0.33
Bračko,SLO,3,1,2,1.0,1,0,2,0.33,1,0,0,0.33,0,1,7,0.0,0,1,2,0.0,0,0,1,0.0
Brborić,SRB,0,0,0,0.0,0,0,0,0.0,0,0,0,0.0,0,0,1,0.0,0,1,0,0.0,0,0,0,0.0
Brehme,GER,23,4,7,7.67,5,8,10,1.67,1,2,0,0.33,0,0,1,0.0,0,11,29,1.33,1,0,1,0.33
Breilin,FIN,0,0,0,0.0,0,0,0,0.0,0,0,0,0.0,0,0,0,0.0,0,0,0,0.0,0,0,0,0.0
Brizard,FRA,0,1,3,0.0,1,2,8,0.5,9,2,0,4.5,0,0,0,0.0,0,9,22,2.5,39,1,109,19.5
Buddin,PHI,0,0,0,0.0,0,0,0,0.0,0,0,0,0.0,0,0,0,0.0,0,1,5,0.5,0,0,1,0.0
Burggräf,GER,0,0,0,0.0,0,0,2,0.0,1,1,0,0.33,0,0,1,0.0,0,1,1,0.0,14,0,7,4.67
Butnaru,ROU,0,0,0,0.0,0,0,0,0.0,0,0,0,0.0,0,0,0,0.0,0,0,1,0.0,0,0,0,0.0
Caicedo,COL,0,0,0,0.0,0,0,0,0.0,0,2,0,0.0,0,0,0,0.0,0,0,0,0.0,0,0,0,0.0
Camino,CUB,0,0,0,0.0,0,0,0,0.0,0,0,0,0.0,0,0,0,0.0,0,0,0,0.0,0,0,0,0.0
Can Koç,TUR,0,0,0,0.0,0,0,0,0.0,0,0,0,0.0,0,0,0,0.0,0,0,5,0.0,0,0,0,0.0
Castillo,CHI,0,0,0,0.0,0,0,0,0.0,2,1,0,0.67,4,0,10,1.33,0,0,0,0.0,0,0,6,0.0
Champlin,USA,23,5,16,7.67,3,4,5,1.0,17,5,0,5.67,5,3,32,1.67,0,6,32,1.67,1,0,4,0.33
Changseong,KOR,0,1,0,0.0,1,0,0,0.5,0,0,0,0.0,1,0,1,0.5,0,0,1,0.0,0,0,0,0.0
Chikhi,ALG,3,0,2,1.5,0,3,3,0.0,0,1,0,0.0,0,0,0,0.0,0,2,14,0.0,0,0,0,0.0
Chinenyeze,FRA,13,4,6,6.5,4,5,11,2.0,1,0,0,0.5,0,0,1,0.0,0,5,13,0.5,0,0,2,0.0
Chitigoi,ROU,17,9,20,5.67,6,3,6,2.0,4,5,0,1.33,9,1,39,3.0,0,3,18,0.67,0,0,12,0.0
Chizoba,BRA,0,0,0,0.0,0,0,0,0.0,0,0,0,0.0,0,0,0,0.0,0,0,0,0.0,0,0,0,0.0
Christenson,USA,3,0,4,1.0,2,5,10,0.67,6,5,0,2.0,0,0,2,0.0,0,4,23,0.0,87,2,91,29.0
Clevenot,FRA,7,2,3,3.5,2,2,2,1.0,1,1,0,0.5,4,0,10,2.0,0,2,8,0.0,0,0,0,0.0
Concepcion,CUB,18,5,13,6.0,6,12,11,2.0,3,1,0,1.0,0,0,3,0.0,0,7,23,0.0,1,0,8,0.33
Constantin,ROU,0,0,0,0.0,0,1,0,0.0,3,1,0,1.0,0,0,0,0.0,0,0,2,0.0,6,1,14,2.0
Coolman,BEL,8,0,8,4.0,5,5,16,2.5,7,2,0,3.5,1,0,0,0.5,0,1,31,0.0,0,0,3,0.0
Currie,CAN,0,0,0,0.0,0,0,0,0.0,22,10,0,7.33,6,2,41,2.0,0,0,0,0.0,0,0,6,0.0
Cveticanin,POR,20,2,10,6.67,9,7,14,3.0,4,3,0,1.33,1,0,6,0.33,0,1,28,0.0,0,0,3,0.0
D'Hulst,BEL,0,1,0,0.0,0,4,1,0.0,9,5,0,4.5,0,0,1,0.0,0,1,48,0.0,49,1,131,24.5
D'heer,BEL,4,2,5,2.0,1,6,4,0.5,3,0,0,1.5,0,0,1,0.0,0,4,9,1.0,0,0,0,0.0
D. Kolev,BUL,0,0,0,0.0,0,0,0,0.0,16,12,0,5.33,16,3,49,5.33,0,0,0,0.0,0,0,6,0.0
Dagostino,USA,0,0,0,0.0,0,0,0,0.0,5,3,0,1.67,4,1,9,1.33,0,0,0,0.0,0,0,9,0.0
Danani,ARG,0,0,0,0.0,0,0,0,0.0,15,9,0,7.5,6,1,23,3.0,0,0,0,0.0,0,0,13,0.0
Daneshdoust,IRI,1,1,1,0.5,0,1,0,0.0,0,1,0,0.0,2,0,3,1.0,0,0,4,0.0,1,0,0,0.5
Darlan,BRA,5,2,6,2.5,0,2,0,0.0,1,0,0,0.5,0,0,0,0.0,0,2,0,0.0,0,0,0,0.0
De Cecco,ARG,2,0,1,1.0,0,3,4,0.0,5,5,0,2.5,0,0,1,0.0,0,4,20,1.0,92,0,79,46.0
Dekkiche A,ALG,0,0,0,0.0,0,0,0,0.0,0,0,0,0.0,0,0,0,0.0,0,1,0,0.0,0,0,0,0.0
Dermaux,BEL,0,0,0,0.0,0,1,0,0.0,0,0,0,0.0,0,0,0,0.0,0,1,0,0.0,0,0,0,0.0
Deroo,BEL,23,10,24,11.5,5,7,8,2.5,8,3,0,4.0,9,2,27,4.5,0,2,15,0.5,3,0,12,1.5
Desmet,BEL,0,0,0,0.0,0,0,0,0.0,0,0,0,0.0,0,0,0,0.0,0,0,0,0.0,0,0,0,0.0
Deyo,EGY,4,1,2,2.0,0,2,1,0.0,1,0,0,0.5,2,0,3,1.0,0,3,4,0.0,0,0,1,0.0
Diez,FRA,0,0,0,0.0,0,0,0,0.0,0,0,0,0.0,0,0,0,0.0,0,0,0,0.0,0,0,0,0.0
Disquitado,PHI,1,1,1,0.5,0,1,1,0.0,0,0,0,0.0,0,0,0,0.0,0,2,9,0.0,0,0,3,0.0
Dobrev,BUL,0,0,0,0.0,0,0,0,0.0,0,0,0,0.0,0,0,0,0.0,0,0,0,0.0,0,0,0,0.0
Donghyeok,KOR,18,12,18,9.0,4,8,4,2.0,5,2,0,2.5,0,0,2,0.0,0,3,12,0.0,0,0,5,0.0
Dour,ALG,14,6,11,7.0,4,3,5,2.0,4,8,0,2.0,12,6,31,6.0,0,3,8,1.0,0,0,4,0.0
Drahonovsky,CZE,0,0,0,0.0,0,0,0,0.0,0,0,0,0.0,0,0,0,0.0,0,0,0,0.0,0,0,0,0.0
Drozd,UKR,6,0,8,3.0,5,7,10,2.5,4,1,0,2.0,0,1,0,0.0,0,1,17,1.0,0,0,2,0.0
Dumitru,ROU,1,1,1,0.33,2,5,6,0.67,9,6,0,3.0,0,0,1,0.0,0,5,25,0.0,65,2,112,21.67
Eiro,JPN,0,0,0,0.0,1,2,1,0.33,3,3,0,1.0,0,0,0,0.0,0,1,13,0.0,45,0,58,15.0
Eisa,IRI,4,0,0,2.0,2,3,3,1.0,0,1,0,0.0,0,0,0,0.0,0,0,13,0.5,0,0,1,0.0
Elgert,CAN,0,0,0,0.0,0,1,0,0.0,1,0,0,0.33,0,0,0,0.0,0,1,3,0.0,15,0,7,5.0
Elhossiny,EGY,23,9,14,11.5,1,4,8,0.5,15,4,0,7.5,17,2,45,8.5,0,6,19,0.5,0,0,4,0.0
Ensing,USA,6,1,10,2.0,1,1,3,0.33,5,0,0,1.67,0,0,0,0.0,0,3,7,0.0,0,0,3,0.0
Esfandiar,IRI,0,0,0,0.0,0,0,0,0.0,0,0,0,0.0,0,0,0,0.0,0,1,3,0.5,0,0,0,0.0
Espejo,PHI,17,7,23,8.5,3,5,3,1.5,8,5,0,4.0,17,1,35,8.5,0,8,15,1.0,0,0,3,0.0
Ewert,USA,31,6,18,10.33,4,2,2,1.33,19,3,0,6.33,7,4,23,2.33,0,1,29,0.0,0,0,3,0.0
Fafchamps,BEL,1,1,1,0.5,1,3,2,0.5,2,0,0,1.0,0,0,0,0.0,0,2,4,0.5,0,0,0,0.0
Farouk,ALG,4,2,5,2.0,0,0,1,0.0,4,1,0,2.0,2,1,5,1.0,0,1,1,0.0,0,0,0,0.0
Faure,FRA,2,1,4,1.0,1,0,1,0.5,1,0,0,0.5,0,0,0,0.0,0,0,1,0.0,0,0,0,0.0
Fernando,BRA,1,0,0,0.5,0,2,3,0.0,0,2,0,0.0,0,0,0,0.0,0,1,30,1.0,88,1,69,44.0
Fiel,CUB,1,0,1,0.33,0,3,0,0.0,0,1,0,0.0,0,0,1,0.0,0,0,3,0.0,0,0,0,0.0
Firlej,POL,0,0,0,0.0,0,0,0,0.0,0,0,0,0.0,0,0,0,0.0,0,0,0,0.0,2,0,0,0.67
Flavio,BRA,11,6,5,5.5,7,7,11,3.5,4,0,0,2.0,0,0,2,0.0,0,1,21,0.0,0,0,2,0.0
Fornal,POL,16,4,13,5.33,6,5,3,2.0,7,8,0,2.33,5,1,23,1.67,0,11,16,1.0,0,1,7,0.0
Gago,CHI,10,6,7,3.33,3,6,4,1.0,2,4,0,0.67,1,0,0,0.33,0,0,26,0.0,0,0,2,0.0
Gajović,SRB,0,0,0,0.0,0,0,0,0.0,0,0,0,0.0,0,0,0,0.0,0,2,6,0.5,0,0,0,0.0
Galabov,CZE,15,8,10,7.5,2,2,2,1.0,3,6,0,1.5,10,0,23,5.0,0,4,16,0.5,0,0,3,0.0
Galassi,ITA,1,0,1,0.5,3,2,2,1.5,1,0,0,0.5,0,0,0,0.0,0,0,5,0.0,0,0,1,0.0
Gallego,ARG,8,3,9,4.0,6,9,4,3.0,5,2,0,2.5,0,0,0,0.0,0,2,18,0.0,1,0,1,0.5
Garcia,CUB,0,0,0,0.0,0,0,0,0.0,12,9,0,4.0,15,3,35,5.0,0,0,0,0.0,2,0,9,0.67
Garcia,USA,24,8,21,8.0,4,8,8,1.33,10,3,0,3.33,0,0,2,0.0,0,8,23,2.67,0,1,1,0.0
Gargiulo,ITA,4,0,3,2.0,3,1,1,1.5,2,0,0,1.0,0,0,2,0.0,0,1,9,0.0,0,0,1,0.0
Garwash,LBA,16,10,15,5.33,2,3,3,0.67,11,4,0,3.67,8,10,47,2.67,0,5,27,0.0,0,0,3,0.0
Giannelli,ITA,2,0,0,1.0,1,3,3,0.5,5,2,0,2.5,1,0,2,0.5,0,3,21,0.5,51,1,58,25.5
Giraudo,ARG,0,0,0,0.0,0,0,0,0.0,0,0,0,0.0,0,0,0,0.0,0,0,0,0.0,0,0,2,0.0
Gomez,ARG,1,3,1,0.5,1,1,0,0.5,0,2,0,0.0,0,0,0,0.0,0,1,1,0.5,0,0,0,0.0
Gomez,CUB,1,1,3,0.33,0,2,1,0.0,3,1,0,1.0,0,0,1,0.0,0,0,15,0.67,33,0,49,11.0
Goncalo,POR,0,0,0,0.0,0,0,0,0.0,11,8,0,3.67,0,0,0,0.0,0,0,0,0.0,0,0,7,0.0
Granieczny,POL,0,0,0,0.0,0,0,0,0.0,1,1,0,0.33,0,0,3,0.0,0,0,0,0.0,0,1,4,0.0
Graven,GER,0,0,0,0.0,0,0,0,0.0,16,13,0,5.33,5,0,41,1.67,0,0,0,0.0,0,0,9,0.0
Grebennikov,FRA,0,0,0,0.0,0,0,0,0.0,24,8,0,12.0,9,2,18,4.5,0,0,0,0.0,0,0,15,0.0
Grozdanov,BUL,10,1,13,3.33,9,8,10,3.0,4,2,0,1.33,1,0,0,0.33,0,2,41,0.0,0,0,3,0.0
Grozer,GER,30,11,23,10.0,6,9,13,2.0,8,2,0,2.67,0,1,2,0.0,0,14,25,1.33,0,0,2,0.0
Gyeongbok,KOR,3,4,8,1.5,0,1,1,0.0,2,0,0,1.0,0,5,10,0.0,0,2,3,0.0,0,0,3,0.0
Gyimah,CAN,17,0,9,5.67,6,12,6,2.0,3,0,0,1.0,0,1,6,0.0,0,10,7,0.33,0,0,2,0.0
Haapaniemi,FIN,0,1,4,0.0,0,1,1,0.0,1,1,0,0.5,0,0,0,0.0,0,0,7,0.5,0,0,0,0.0
Haghparast,IRI,4,2,1,2.0,0,1,0,0.0,2,1,0,1.0,0,1,3,0.0,0,2,11,0.0,0,0,0,0.0
Hajipour,IRI,24,7,16,12.0,6,5,6,3.0,8,3,0,4.0,0,0,1,0.0,0,2,22,0.5,0,0,4,0.0
Hamada,EGY,14,1,5,7.0,7,6,5,3.5,1,1,0,0.5,0,0,0,0.0,0,2,25,0.5,0,0,1,0.0
Hamimes,ALG,0,0,2,0.0,0,2,3,0.0,0,4,0,0.0,0,0,0,0.0,0,4,10,0.0,12,0,87,6.0
Hanyong,KOR,8,6,9,4.0,0,3,1,0.0,4,2,0,2.0,3,2,23,1.5,0,5,8,0.5,0,1,7,0.0
Hatipoğlu,TUR,0,0,0,0.0,0,0,0,0.0,0,1,0,0.0,0,0,0,0.0,0,0,0,0.0,0,0,0,0.0
Hazrat,IRI,0,0,0,0.0,0,0,0,0.0,3,4,0,1.5,12,2,15,6.0,0,0,0,0.0,0,0,4,0.0
Henno,FRA,4,2,7,2.0,0,4,5,0.0,2,1,0,1.0,4,1,16,2.0,0,2,5,0.0,0,0,1,0.0
Herr,CAN,0,0,0,0.0,3,4,4,1.0,1,5,0,0.33,0,1,1,0.0,0,5,27,0.33,97,0,83,32.33
Heslinga,CAN,14,4,15,4.67,3,5,4,1.0,6,5,0,2.0,17,2,29,5.67,0,5,25,0.0,0,0,4,0.0
Hfaiedh H.,TUN,0,1,1,0.0,1,0,0,0.5,3,1,0,1.5,3,1,5,1.5,0,0,0,0.0,0,0,2,0.0
Hoag,CAN,32,13,21,10.67,2,7,6,0.67,6,8,0,2.0,15,5,43,5.0,0,7,26,2.33,0,1,13,0.0
Hojin,KOR,3,5,2,1.5,0,0,0,0.0,0,1,0,0.0,0,0,0,0.0,0,0,0,0.0,0,0,0,0.0
Honorato,BRA,4,1,2,2.0,0,0,1,0.0,2,0,0,1.0,2,0,3,1.0,0,0,5,0.0,1,0,1,0.5
Hosni,ALG,12,10,12,6.0,1,2,1,0.5,6,2,0,3.0,4,3,20,2.0,0,2,13,0.0,0,0,2,0.0
Howe,CAN,2,0,1,0.67,0,2,3,0.0,0,0,0,0.0,0,0,0,0.0,0,0,4,0.0,0,0,0,0.0
Huber,POL,17,1,6,5.67,1,10,10,0.33,3,1,0,1.0,0,0,4,0.0,0,7,30,0.0,0,0,0,0.0
Huetz,FRA,2,1,1,1.0,1,3,0,0.5,1,0,0,0.5,0,0,0,0.0,0,2,3,0.0,0,0,0,0.0
Ibarra,CHI,2,2,3,0.67,0,0,2,0.0,0,1,0,0.0,1,0,9,0.33,0,1,2,0.0,0,0,0,0.0
Ibrahim,QAT,13,3,3,4.33,3,10,2,1.0,2,1,0,0.67,0,0,2,0.0,0,8,24,1.33,0,0,1,0.0
Ikken,ALG,12,8,17,6.0,3,6,4,1.5,3,2,0,1.5,0,0,0,0.0,0,6,10,0.0,0,0,4,0.0
Ilkhbayri . A,LBA,41,21,35,13.67,4,13,5,1.33,11,4,0,3.67,1,0,10,0.33,0,12,20,0.67,0,0,10,0.0
Indra,CZE,19,7,11,9.5,0,3,6,0.0,4,5,0,2.0,0,0,1,0.0,0,4,12,0.5,0,0,1,0.0
Ionescu,ROU,3,3,7,1.0,0,0,1,0.0,3,0,0,1.0,0,0,1,0.0,0,4,4,0.0,0,0,0,0.0
Ishikawa,JPN,22,9,20,7.33,1,6,13,0.33,3,3,0,1.0,3,3,28,1.0,0,7,20,1.33,0,0,14,0.0
Ivanov,FIN,3,0,1,1.5,2,5,8,1.0,9,15,0,4.5,0,0,1,0.0,0,2,21,0.5,66,0,129,33.0
Ivo Casas,POR,0,0,0,0.0,0,0,0,0.0,14,4,0,4.67,25,3,57,8.33,0,0,0,0.0,0,1,12,0.0
Ivović,SRB,0,0,0,0.0,0,0,0,0.0,0,0,0,0.0,0,0,0,0.0,0,0,0,0.0,0,0,0,0.0
J. Elser,CAN,0,0,0,0.0,0,0,0,0.0,0,0,0,0.0,0,0,0,0.0,0,1,4,0.0,0,0,0,0.0
J. Gutierrez,CUB,0,0,0,0.0,0,0,0,0.0,0,0,0,0.0,1,0,3,0.33,0,1,2,0.0,0,0,1,0.0
J. Pinto,POR,35,8,26,11.67,4,6,6,1.33,0,3,0,0.0,0,0,0,0.0,0,9,22,0.0,0,0,4,0.0
Jadue,CHI,2,0,3,0.67,1,2,0,0.33,1,2,0,0.33,2,2,7,0.67,0,2,1,0.33,0,0,0,0.0
Jakubiszak,POL,1,0,0,0.33,1,1,2,0.33,0,1,0,0.0,0,0,0,0.0,0,0,2,0.0,0,0,0,0.0
Jaramillo,COL,2,1,2,0.67,1,4,7,0.33,3,4,0,1.0,0,0,0,0.0,0,2,19,0.33,45,3,107,15.0
Jendryk,USA,13,4,8,4.33,5,8,11,1.67,5,1,0,1.67,0,0,0,0.0,0,1,20,0.0,0,0,1,0.0
Ji D.S.,CHN,1,1,3,0.5,0,0,0,0.0,0,0,0,0.0,1,0,3,0.5,0,2,1,0.0,0,0,1,0.0
Jiang C.,CHN,13,5,9,6.5,1,1,2,0.5,0,0,0,0.0,0,0,0,0.0,0,1,10,0.0,0,0,2,0.0
Jihan,KOR,0,0,0,0.0,0,0,0,0.0,0,0,0,0.0,0,0,0,0.0,0,0,0,0.0,0,0,0,0.0
Jimenez,COL,19,9,12,6.33,0,6,4,0.0,4,6,0,1.33,0,0,0,0.0,0,4,12,1.0,1,0,1,0.33
Jiwon,KOR,0,0,0,0.0,0,0,0,0.0,0,0,0,0.0,0,0,1,0.0,0,0,0,0.0,0,0,1,0.0
John,GER,4,0,6,1.33,0,2,0,0.0,2,0,0,0.67,0,0,2,0.0,0,1,3,0.0,0,0,0,0.0
Jokela,FIN,42,15,16,21.0,0,1,6,0.0,7,4,0,3.5,0,1,3,0.0,0,8,22,2.0,2,0,4,1.0
Jorna,NED,0,0,0,0.0,0,0,0,0.0,14,10,0,4.67,16,4,55,5.33,0,0,0,0.0,0,0,11,0.0
Josafat,PHI,1,3,6,0.5,3,3,5,1.5,1,2,0,0.5,0,0,0,0.0,0,1,12,0.5,0,0,3,0.0
Jouffroy,FRA,2,0,2,1.0,2,4,3,1.0,3,0,0,1.5,0,0,0,0.0,0,7,10,0.0,0,0,0,0.0
Jovović,SRB,2,0,1,1.0,1,4,2,0.5,9,3,0,4.5,0,0,0,0.0,0,1,28,0.0,57,0,86,28.5
Judson,BRA,18,0,6,9.0,6,12,7,3.0,3,3,0,1.5,0,0,0,0.0,0,5,18,0.0,0,0,2,0.0
Junhyeok,KOR,9,3,4,4.5,2,3,7,1.0,2,1,0,1.0,2,1,0,1.0,0,2,25,0.5,0,0,4,0.0
Kadhi A,TUN,14,1,12,7.0,5,13,11,2.5,5,1,0,2.5,0,1,5,0.0,0,1,25,0.0,0,0,1,0.0
Kadri,ALG,0,0,0,0.0,0,0,0,0.0,2,2,0,1.0,0,0,0,0.0,0,0,1,0.0,5,0,17,2.5
Kai,JPN,0,1,0,0.0,0,0,0,0.0,1,0,0,0.33,0,0,0,0.0,0,3,6,0.0,0,0,0,0.0
Kalingking,PHI,0,0,0,0.0,0,0,0,0.0,0,0,0,0.0,0,0,0,0.0,0,0,0,0.0,0,0,0,0.0
Kantor,ROU,0,0,0,0.0,0,0,0,0.0,9,8,0,3.0,0,2,6,0.0,0,0,0,0.0,0,0,2,0.0
Kaplan,TUR,0,0,0,0.0,0,0,0,0.0,0,0,0,0.0,0,0,0,0.0,0,0,0,0.0,0,0,0,0.0
Karamosli E,TUN,14,3,9,7.0,1,3,2,0.5,6,4,0,3.0,9,4,31,4.5,0,5,29,1.0,1,0,5,0.5
Kaunisto,FIN,0,0,0,0.0,0,0,0,0.0,0,0,0,0.0,0,0,0,0.0,0,0,0,0.0,0,0,0,0.0
Keemink,NED,0,0,0,0.0,0,1,2,0.0,2,0,0,0.67,0,0,1,0.0,0,1,8,0.0,8,0,33,2.67
Kelton,POR,18,5,8,6.0,6,13,9,2.0,3,0,0,1.0,0,0,2,0.0,0,10,35,0.67,0,0,2,0.0
Kirkit,TUR,1,0,1,0.33,1,0,0,0.33,0,0,0,0.0,0,0,2,0.0,0,1,0,0.33,0,0,0,0.0
Kisiliuk,UKR,0,0,0,0.0,0,0,0,0.0,0,0,0,0.0,0,0,0,0.0,0,0,0,0.0,0,0,0,0.0
Klimes,CZE,7,2,8,3.5,2,8,4,1.0,1,3,0,0.5,0,1,0,0.0,0,2,14,0.0,0,0,1,0.0
Klok,NED,0,0,0,0.0,0,0,0,0.0,5,3,0,1.67,7,1,5,2.33,0,0,0,0.0,0,0,0,0.0
Knigge,USA,2,0,2,0.67,2,2,5,0.67,3,1,0,1.0,0,0,0,0.0,0,0,8,0.33,0,0,2,0.0
Kochanowski,POL,14,1,1,4.67,4,12,6,1.33,5,0,0,1.67,0,0,0,0.0,0,7,30,0.67,0,0,1,0.0
Komenda,POL,1,0,1,0.33,2,0,11,0.67,13,5,0,4.33,0,0,2,0.0,0,1,28,0.0,64,1,121,21.33
Koops,NED,36,6,31,12.0,1,4,5,0.33,14,6,0,4.67,19,6,36,6.33,0,8,39,1.33,0,1,18,0.0
Korbosli T,TUN,0,0,0,0.0,0,0,0,0.0,17,5,0,8.5,9,3,19,4.5,0,0,0,0.0,0,0,3,0.0
Korenblek,NED,5,1,2,1.67,2,0,1,0.67,0,0,0,0.0,1,0,0,0.33,0,2,4,0.0,0,0,0,0.0
Kosinski,ROU,0,0,0,0.0,0,0,0,0.0,4,2,0,1.33,6,4,34,2.0,0,0,0,0.0,0,0,11,0.0
Koval,UKR,0,0,0,0.0,0,0,0,0.0,0,0,0,0.0,0,0,0,0.0,0,0,0,0.0,0,0,0,0.0
Kovalov,UKR,12,7,15,6.0,2,2,6,1.0,10,1,0,5.0,10,1,25,5.0,0,4,15,1.0,0,0,8,0.0
Kovarik,CZE,0,0,0,0.0,0,0,0,0.0,0,0,0,0.0,0,0,0,0.0,0,0,0,0.0,0,0,0,0.0
Kovačič,SLO,0,0,0,0.0,0,0,0,0.0,17,5,0,5.67,13,4,49,4.33,0,0,0,0.0,0,0,10,0.0
Kozamernik,SLO,17,3,4,5.67,11,14,17,3.67,2,4,0,0.67,5,0,1,1.67,0,6,32,0.33,0,0,5,0.0
Krage,GER,0,0,0,0.0,0,0,0,0.0,0,0,0,0.0,0,0,0,0.0,0,0,0,0.0,0,0,0,0.0
Krick,GER,24,1,5,8.0,3,18,11,1.0,7,2,0,2.33,1,1,4,0.33,0,3,19,0.0,0,0,1,0.0
Kržič,SLO,0,0,0,0.0,0,0,0,0.0,0,0,0,0.0,0,0,0,0.0,0,0,1,0.0,0,0,0,0.0
Kujundžić,SRB,8,7,9,4.0,1,5,0,0.5,10,4,0,5.0,6,1,32,3.0,0,5,17,0.0,0,0,6,0.0
Kukartsev,ARG,32,6,25,16.0,6,4,8,3.0,5,10,0,2.5,2,0,3,1.0,0,8,24,1.5,0,0,2,0.0
Kurek,POL,26,9,19,8.67,4,4,7,1.33,4,4,0,1.33,0,0,0,0.0,0,8,23,0.67,0,0,3,0.0
Kyeongmin,KOR,0,0,0,0.0,0,0,0,0.0,7,5,0,3.5,6,4,22,3.0,0,0,0,0.0,0,0,6,0.0
Köykkä,FIN,0,0,0,0.0,0,0,0,0.0,19,10,0,9.5,9,4,29,4.5,0,0,0,0.0,0,0,13,0.0
L. Bergmann,BRA,0,0,0,0.0,0,0,0,0.0,1,0,0,0.5,0,0,0,0.0,0,0,1,0.0,0,0,1,0.0
Lantsoght,BEL,0,0,0,0.0,0,0,0,0.0,26,6,0,13.0,8,4,38,4.0,0,0,0,0.0,0,0,6,0.0
Larry,JPN,15,2,2,5.0,4,4,13,1.33,3,3,0,1.0,1,1,0,0.33,0,2,23,0.0,0,0,2,0.0
Le Goff,FRA,4,0,2,2.0,4,1,1,2.0,1,0,0,0.5,0,0,0,0.0,0,0,6,0.0,0,0,3,0.0
Leon,POL,19,3,11,6.33,3,5,1,1.0,6,3,0,2.0,2,7,27,0.67,0,7,18,1.33,0,0,3,0.0
Li L.,CHN,6,2,8,3.0,1,1,3,0.5,2,2,0,1.0,0,1,7,0.0,0,2,3,1.0,1,0,1,0.5
Li T. Y.,CHN,0,0,0,0.0,0,0,0,0.0,4,2,0,2.0,0,0,0,0.0,0,0,0,0.0,0,0,4,0.0
Li Y.Z.,CHN,8,2,3,4.0,4,6,7,2.0,1,2,0,0.5,0,0,2,0.0,0,3,21,0.0,0,0,1,0.0
Licek,CZE,0,1,0,0.0,0,2,0,0.0,0,0,0,0.0,0,0,1,0.0,0,0,0,0.0,0,0,0,0.0
Lindqvist,FIN,3,4,4,1.5,1,0,0,0.5,2,0,0,1.0,0,0,0,0.0,0,0,1,0.5,0,0,1,0.0
Liu L.B.,CHN,10,7,18,5.0,2,4,0,1.0,4,2,0,2.0,6,0,33,3.0,0,3,11,0.5,0,0,6,0.0
Lopez,CUB,16,8,18,5.33,0,3,0,0.0,9,4,0,3.0,10,1,23,3.33,0,4,17,0.67,1,0,5,0.33
Lorenzo,PHI,0,0,0,0.0,0,0,0,0.0,2,0,0,1.0,0,0,3,0.0,0,0,0,0.0,0,0,2,0.0
Loser Bruno,ARG,14,7,6,7.0,4,12,5,2.0,3,3,0,1.5,1,0,6,0.5,0,4,30,1.0,0,0,0,0.0
Louati,FRA,17,6,16,8.5,1,3,2,0.5,6,4,0,3.0,14,1,16,7.0,0,5,13,0.5,0,0,2,0.0
Lourenço,POR,26,12,26,8.67,2,8,4,0.67,11,5,0,3.67,19,4,36,6.33,0,8,39,0.67,2,0,4,0.67
Luburić,SRB,27,9,20,13.5,1,3,2,0.5,8,2,0,4.0,0,0,0,0.0,0,10,15,0.5,0,1,4,0.0
Lucarelli,BRA,16,7,14,8.0,1,5,5,0.5,6,4,0,3.0,1,1,30,0.5,0,4,27,1.0,1,0,3,0.5
Luengas,ARG,0,0,0,0.0,0,0,0,0.0,0,0,0,0.0,0,0,0,0.0,0,0,0,0.0,0,0,0,0.0
Lui,CAN,0,0,0,0.0,0,0,0,0.0,0,0,0,0.0,0,0,0,0.0,0,0,0,0.0,0,0,0,0.0
Lupu,ROU,5,1,3,1.67,0,3,3,0.0,2,0,0,0.67,0,0,0,0.0,0,1,7,0.0,0,0,3,0.0
M. Alajeeli,LBA,0,2,1,0.0,0,0,0,0.0,0,0,0,0.0,0,1,2,0.0,0,0,1,0.0,0,0,0,0.0
M. Alkuwari,QAT,1,0,0,0.33,1,0,0,0.33,0,0,0,0.0,0,1,1,0.0,0,1,0,0.0,0,0,0,0.0
M. Lagumdzija,TUR,15,4,10,5.0,2,2,5,0.67,2,0,0,0.67,4,2,18,1.33,0,3,12,0.0,0,0,2,0.0
M. Ramadan,EGY,0,0,0,0.0,0,0,0,0.0,0,0,0,0.0,0,0,0,0.0,0,0,0,0.0,0,0,0,0.0
M. Reda,EGY,0,0,0,0.0,0,0,0,0.0,11,7,0,5.5,11,5,33,5.5,0,0,0,0.0,1,0,11,0.5
Ma'a,USA,1,1,0,0.33,1,1,2,0.33,3,0,0,1.0,0,0,0,0.0,0,3,15,0.0,26,0,24,8.67
Magdas,ROU,5,3,4,1.67,2,7,5,0.67,3,1,0,1.0,0,0,3,0.0,0,8,28,0.67,0,0,5,0.0
Mahdi,QAT,0,0,0,0.0,0,0,0,0.0,2,0,0,0.67,0,0,0,0.0,0,0,0,0.0,0,0,0,0.0
Maique,BRA,0,0,0,0.0,0,0,0,0.0,16,9,0,8.0,13,2,28,6.5,0,0,0,0.0,0,1,10,0.0
Malabunga,PHI,7,1,4,3.5,2,4,1,1.0,0,0,0,0.0,0,0,0,0.0,0,0,20,0.0,0,0,0,0.0
Mandıracı,TUR,32,16,19,10.67,3,3,8,1.0,14,9,0,4.67,8,0,47,2.67,0,13,23,3.33,0,0,11,0.0
Mardones,CHI,2,0,2,0.67,0,1,0,0.0,0,0,0,0.0,0,0,0,0.0,0,0,0,0.0,0,0,0,0.0
Marovt,SLO,2,1,3,0.67,0,0,0,0.0,0,0,0,0.0,0,0,1,0.0,0,0,1,0.0,0,0,0,0.0
Martinez Franchi,ARG,5,3,7,2.5,2,4,2,1.0,2,3,0,1.0,4,0,14,2.0,0,2,8,0.5,0,0,2,0.0
Marttila,FIN,0,1,0,0.0,0,0,0,0.0,0,0,0,0.0,1,0,2,0.5,0,0,1,0.0,0,0,0,0.0
Masso,CUB,27,10,26,9.0,5,9,8,1.67,18,5,0,6.0,0,0,1,0.0,0,9,22,1.33,0,0,9,0.0
Matheus,BRA,0,0,0,0.0,0,0,0,0.0,0,0,0,0.0,0,0,0,0.0,0,0,0,0.0,0,0,0,0.0
Matheus G.,BRA,0,0,0,0.0,0,0,0,0.0,0,1,0,0.0,0,0,0,0.0,0,1,5,0.0,13,0,7,6.5
Matić,TUR,10,1,5,3.33,3,13,10,1.0,5,1,0,1.67,0,0,0,0.0,0,1,24,0.0,0,0,5,0.0
Mašulović N.,SRB,1,1,1,0.5,1,1,5,0.5,1,0,0,0.5,0,0,0,0.0,0,1,3,0.0,0,0,1,0.0
Mašulović V.,SRB,0,0,0,0.0,0,0,0,0.0,0,0,0,0.0,0,0,0,0.0,0,0,0,0.0,0,0,0,0.0
Mbareki S.,TUN,11,1,5,5.5,3,6,7,1.5,3,1,0,1.5,0,0,1,0.0,0,3,18,0.5,1,0,4,0.5
McCarthy,CAN,10,1,13,3.33,7,8,7,2.33,3,3,0,1.0,1,0,1,0.33,0,9,29,3.0,0,0,5,0.0
McHenry,USA,17,2,8,5.67,3,10,10,1.0,3,0,0,1.0,1,0,4,0.33,0,5,30,0.33,1,0,6,0.33
Meijs,NED,0,0,4,0.0,0,0,1,0.0,0,0,0,0.0,0,0,0,0.0,0,0,0,0.0,0,0,0,0.0
Mendoza,COL,7,5,5,2.33,0,3,0,0.0,1,3,0,0.33,4,1,15,1.33,0,1,6,0.0,0,0,0,0.0
Menezes,POR,0,0,0,0.0,0,0,0,0.0,0,0,0,0.0,0,0,0,0.0,0,0,0,0.0,0,0,0,0.0
Mergarejo,CUB,21,3,17,7.0,1,6,0,0.33,8,5,0,2.67,3,3,19,1.0,0,7,20,0.67,1,0,4,0.33
Michieletto,ITA,21,5,21,10.5,4,5,3,2.0,7,2,0,3.5,5,0,30,2.5,0,6,23,3.0,0,0,6,0.0
Miyaura,JPN,30,15,23,10.0,2,4,5,0.67,4,6,0,1.33,0,0,1,0.0,0,14,18,2.0,0,0,2,0.0
Mohammad,IRI,17,1,4,8.5,3,6,8,1.5,1,2,0,0.5,0,0,3,0.0,0,2,18,0.0,0,0,4,0.0
Mohwinkel,GER,0,0,0,0.0,0,0,0,0.0,0,0,0,0.0,0,0,0,0.0,0,0,0,0.0,0,0,0,0.0
Monik,CZE,0,0,0,0.0,0,0,0,0.0,13,6,0,6.5,1,1,19,0.5,0,0,0,0.0,0,0,12,0.0
Morteza,IRI,16,6,8,8.0,5,7,2,2.5,3,6,0,1.5,14,4,35,7.0,0,9,15,2.5,1,0,8,0.5
Mousa,LBA,1,2,3,0.33,0,1,0,0.0,0,1,0,0.0,0,3,8,0.0,0,0,2,0.0,0,0,2,0.0
Muhammed K.,TUR,0,0,0,0.0,0,0,0,0.0,0,0,0,0.0,0,0,0,0.0,0,0,0,0.0,2,0,1,0.67
Mujanović,SLO,39,8,25,13.0,3,13,14,1.0,11,7,0,3.67,7,10,47,2.33,0,12,39,1.0,0,0,7,0.0
N. Marques,POR,35,7,27,11.67,7,7,5,2.33,5,10,0,1.67,13,10,35,4.33,0,8,30,1.33,0,0,6,0.0
Nachev,BUL,0,0,0,0.0,0,0,0,0.0,0,0,0,0.0,0,0,0,0.0,0,0,3,0.0,0,0,0,0.0
Nagga H.,TUN,0,0,0,0.0,0,0,0,0.0,0,0,0,0.0,0,0,0,0.0,0,0,0,0.0,0,0,0,0.0
Najdič,SLO,1,0,0,0.33,1,2,1,0.33,1,2,0,0.33,0,0,0,0.0,0,1,4,0.0,22,0,23,7.33
Naji,QAT,0,0,0,0.0,0,0,0,0.0,13,7,0,4.33,5,4,32,1.67,0,0,0,0.0,0,0,9,0.0
Nedeljković,SRB,17,3,4,8.5,3,10,13,1.5,3,2,0,1.5,0,0,2,0.0,0,0,14,0.0,0,0,1,0.0
Negic,SRB,0,0,0,0.0,0,0,0,0.0,11,7,0,5.5,8,2,26,4.0,0,0,0,0.0,0,0,6,0.0
Ngapeth,FRA,14,6,15,7.0,0,1,2,0.0,8,5,0,4.0,7,1,22,3.5,0,5,13,1.0,0,0,7,0.0
Nikola,QAT,28,12,24,9.33,0,4,6,0.0,25,5,0,8.33,18,3,60,6.0,0,8,32,0.0,0,1,20,0.0
Nikolić,SRB,0,0,0,0.0,0,0,0,0.0,0,0,0,0.0,0,0,0,0.0,0,1,1,0.0,0,0,0,0.0
Nishimoto,JPN,0,0,1,0.0,0,0,0,0.0,0,0,0,0.0,0,0,0,0.0,0,0,1,0.0,0,0,0,0.0
Nishiyama,JPN,4,4,8,1.33,1,0,1,0.33,0,1,0,0.0,0,0,0,0.0,0,0,2,0.0,0,0,0,0.0
Nowak J.,POL,1,0,1,0.33,0,0,2,0.0,0,0,0,0.0,0,0,0,0.0,0,0,1,0.0,0,0,0,0.0
Ogawa,JPN,0,0,0,0.0,0,0,0,0.0,7,2,0,2.33,8,3,15,2.67,0,0,0,0.0,0,0,4,0.0
Okroglič,SLO,0,0,0,0.0,0,0,0,0.0,10,5,0,3.33,1,0,2,0.33,0,0,0,0.0,0,0,4,0.0
Onodera,JPN,4,1,2,1.33,2,5,5,0.67,2,0,0,0.67,0,0,0,0.0,0,2,5,0.0,0,0,1,0.0
Ordiales,PHI,21,15,7,10.5,0,2,2,0.0,12,2,0,6.0,0,0,1,0.0,0,6,18,1.0,0,1,2,0.0
Otsuka,JPN,7,1,1,2.33,0,0,0,0.0,1,2,0,0.33,1,0,5,0.33,0,1,7,0.0,0,0,0,0.0
Oya,JPN,0,1,1,0.0,0,0,2,0.0,3,2,0,1.0,0,0,3,0.0,0,2,13,0.0,32,0,62,10.67
Pace,ITA,0,0,0,0.0,0,0,0,0.0,0,0,0,0.0,0,0,0,0.0,0,0,0,0.0,0,0,0,0.0
Pajenk,SLO,15,4,11,5.0,4,10,6,1.33,3,2,0,1.0,1,0,2,0.33,0,8,37,0.33,0,0,2,0.0
Palev,BUL,0,0,0,0.0,0,0,0,0.0,0,1,0,0.0,0,0,0,0.0,0,1,3,0.0,2,0,3,0.67
Palonsky,ARG,27,6,22,13.5,1,9,4,0.5,13,7,0,6.5,20,4,48,10.0,0,7,31,1.0,1,0,6,0.5
Pampushko,UKR,0,0,0,0.0,0,0,0,0.0,13,2,0,6.5,0,0,5,0.0,0,0,0,0.0,1,0,5,0.5
Pape,QAT,12,1,6,4.0,3,5,2,1.0,3,0,0,1.0,0,0,2,0.0,0,1,18,0.33,0,1,5,0.0
Parraguirre,CHI,33,11,35,11.0,0,4,8,0.0,10,5,0,3.33,2,3,12,0.67,0,6,15,0.0,0,0,7,0.0
Pasteur,USA,6,5,8,2.0,1,2,2,0.33,2,1,0,0.67,2,0,13,0.67,0,2,4,0.0,1,0,1,0.33
Patry,FRA,28,6,26,14.0,4,2,6,2.0,8,1,0,4.0,0,0,0,0.0,0,1,29,3.5,0,0,3,0.0
Peng S.K.,CHN,13,2,4,6.5,7,16,9,3.5,3,1,0,1.5,0,0,1,0.0,0,3,21,0.5,1,1,0,0.5
Perin,BEL,0,0,0,0.0,0,0,0,0.0,0,0,0,0.0,0,0,0,0.0,0,3,2,0.0,0,0,0,0.0
Perić,SRB,21,4,22,10.5,4,3,3,2.0,8,2,0,4.0,4,3,29,2.0,0,3,16,0.0,0,0,5,0.0
Peta,ROU,22,9,26,7.33,3,6,8,1.0,5,4,0,1.67,9,2,31,3.0,0,8,17,0.0,0,0,7,0.0
Peter,GER,0,0,0,0.0,0,0,0,0.0,1,0,0,0.33,0,0,0,0.0,0,2,9,0.33,0,0,0,0.0
Petkov,BUL,0,0,0,0.0,0,0,1,0.0,0,0,0,0.0,0,0,0,0.0,0,0,0,0.0,0,0,0,0.0
Piza,COL,17,11,15,5.67,3,8,4,1.0,17,9,0,5.67,17,4,41,5.67,0,7,20,0.33,0,0,6,0.0
Plak,NED,17,4,2,5.67,5,7,11,1.67,2,4,0,0.67,0,0,1,0.0,0,11,34,2.33,0,0,1,0.0
Plaskie,BEL,0,0,0,0.0,0,0,0,0.0,0,0,0,0.0,0,0,0,0.0,0,0,0,0.0,0,0,0,0.0
Polak,CZE,0,0,0,0.0,0,0,0,0.0,0,0,0,0.0,0,0,0,0.0,0,0,0,0.0,0,0,0,0.0
Poluian,UKR,3,0,3,1.5,0,0,0,0.0,0,0,0,0.0,0,0,1,0.0,0,1,0,0.0,0,0,0,0.0
Popiwczak,POL,0,0,0,0.0,0,0,0,0.0,13,6,0,4.33,13,2,34,4.33,0,0,0,0.0,0,0,16,0.0
Poriya,IRI,25,9,22,12.5,2,3,3,1.0,4,6,0,2.0,1,2,11,0.5,0,8,17,3.0,0,0,2,0.0
Porro L.,ITA,1,1,1,0.5,0,0,0,0.0,1,1,0,0.5,0,0,2,0.0,0,1,0,0.0,0,0,0,0.0
Qu Z.S.,CHN,0,0,0,0.0,0,0,0,0.0,4,5,0,2.0,11,2,32,5.5,0,0,0,0.0,0,0,11,0.0
Rafael,POR,4,5,4,1.33,0,0,0,0.0,0,0,0,0.0,0,1,2,0.0,0,0,0,0.0,0,0,0,0.0
Ramirez,PHI,0,0,0,0.0,0,0,0,0.0,1,1,0,0.5,0,0,0,0.0,0,0,2,0.0,0,0,0,0.0
Ran,JPN,22,8,22,7.33,0,10,2,0.0,21,8,0,7.0,13,1,42,4.33,0,4,32,1.33,1,0,8,0.33
Reggers,BEL,47,13,29,23.5,5,7,6,2.5,7,3,0,3.5,0,0,1,0.0,0,8,13,1.0,1,0,6,0.5
Reichert,GER,7,1,11,2.33,0,5,0,0.0,5,3,0,1.67,5,1,14,1.67,0,3,9,0.0,0,0,4,0.0
Renan,QAT,18,3,38,6.0,1,7,6,0.33,14,5,0,4.67,10,3,30,3.33,0,2,32,0.33,0,1,9,0.0
Retamar,PHI,1,1,1,0.5,2,12,7,1.0,3,1,0,1.5,0,0,0,0.0,0,1,16,0.5,69,0,104,34.5
Ridene.M,TUN,0,0,0,0.0,0,0,0,0.0,1,0,0,0.5,1,0,1,0.5,0,0,0,0.0,0,0,0,0.0
Robinson,USA,15,3,7,5.0,1,1,3,0.33,8,1,0,2.67,2,4,7,0.67,0,3,5,0.0,0,0,0,0.0
Romanò,ITA,16,5,11,8.0,0,7,5,0.0,5,2,0,2.5,1,0,2,0.5,0,4,15,1.5,0,0,1,0.0
Ronkainen,FIN,2,2,8,1.0,1,2,5,0.5,6,2,0,3.0,3,2,16,1.5,0,1,11,0.0,0,0,3,0.0
Roosvuelt,COL,0,0,0,0.0,0,0,0,0.0,8,11,0,2.67,4,4,35,1.33,0,0,0,0.0,0,0,9,0.0
Ropret,SLO,2,0,0,0.67,2,3,9,0.67,13,5,0,4.33,0,0,1,0.0,0,6,25,0.67,85,1,116,28.33
Rotty,BEL,19,7,22,9.5,4,4,5,2.0,8,5,0,4.0,3,4,33,1.5,0,6,17,3.0,0,0,8,0.0
Ruiz,COL,0,0,0,0.0,0,0,0,0.0,0,0,0,0.0,0,0,0,0.0,0,0,1,0.0,0,0,0,0.0
Russo,ITA,6,1,6,3.0,4,8,4,2.0,1,0,0,0.5,2,0,0,1.0,0,2,17,0.0,0,0,2,0.0
Rychlicki,ITA,9,2,5,4.5,1,5,2,0.5,1,3,0,0.5,0,0,0,0.0,0,3,5,0.5,0,0,3,0.0
Röhrs,GER,37,12,34,12.33,3,8,3,1.0,10,7,0,3.33,7,4,52,2.33,0,9,30,1.33,3,0,12,1.0
S. Nikolov,BUL,17,3,4,5.67,1,11,10,0.33,12,5,0,4.0,0,0,0,0.0,0,9,25,2.67,90,2,134,30.0
Saadat,IRI,1,1,1,0.5,0,1,0,0.0,0,0,0,0.0,0,0,0,0.0,0,0,0,0.0,0,0,1,0.0
Sanchez Pages,ARG,1,0,0,0.5,0,0,1,0.0,0,2,0,0.0,0,0,0,0.0,0,0,3,0.0,9,1,28,4.5
Sani,ITA,0,0,0,0.0,0,0,0,0.0,0,0,0,0.0,0,0,0,0.0,0,0,5,0.0,0,0,0,0.0
Santos,COL,1,0,1,0.33,1,2,0,0.33,0,1,0,0.0,1,0,0,0.33,0,0,6,0.0,0,0,1,0.0
Sasak,POL,8,3,9,2.67,2,2,4,0.67,0,3,0,0.0,0,0,0,0.0,0,3,8,0.0,0,0,2,0.0
Sato,JPN,7,1,1,2.33,1,7,1,0.33,1,1,0,0.33,0,0,0,0.0,0,2,8,0.67,0,0,0,0.0
Savonsalmi,FIN,10,4,6,5.0,6,6,10,3.0,4,4,0,2.0,2,1,1,1.0,0,1,33,0.0,0,0,1,0.0
Sbertoli,ITA,0,0,0,0.0,1,1,3,0.5,4,1,0,2.0,0,0,0,0.0,0,0,4,0.0,20,0,26,10.0
Schnitzer,CAN,0,0,0,0.0,0,0,0,0.0,0,0,0,0.0,0,0,0,0.0,0,0,0,0.0,0,0,0,0.0
Seif Abed,EGY,24,9,16,12.0,1,5,5,0.5,1,3,0,0.5,0,0,0,0.0,0,11,9,1.0,0,0,4,0.0
Semeniuk,POL,23,1,6,7.67,1,3,5,0.33,10,1,0,3.33,8,3,21,2.67,0,3,26,2.33,0,0,1,0.0
Semeniuk,UKR,10,0,7,5.0,3,7,9,1.5,2,0,0,1.0,0,0,2,0.0,0,3,15,0.5,0,1,3,0.0
Shchytkov,UKR,0,0,0,0.0,0,0,0,0.0,2,0,0,1.0,0,0,0,0.0,0,2,0,0.0,5,0,12,2.5
Sho,CAN,31,14,20,10.33,6,10,5,2.0,5,9,0,1.67,0,1,0,0.0,0,9,28,2.33,0,0,7,0.0
Shoji,USA,0,0,0,0.0,0,0,0,0.0,11,3,0,3.67,17,1,23,5.67,0,0,0,0.0,2,0,8,0.67
Simón,CUB,16,3,4,5.33,4,11,8,1.33,1,1,0,0.33,4,0,3,1.33,0,8,34,1.0,0,0,11,0.0
Soltan,LBA,1,0,0,0.33,1,1,0,0.33,0,0,0,0.0,0,0,0,0.0,0,0,3,0.0,0,0,0,0.0
Sotola,CZE,3,2,8,1.5,1,3,1,0.5,0,1,0,0.0,0,0,0,0.0,0,2,5,0.5,0,0,1,0.0
Srb,CZE,0,0,0,0.0,0,0,0,0.0,0,0,0,0.0,0,0,0,0.0,0,0,0,0.0,4,0,16,2.0
Stefanović,SRB,12,2,2,6.0,1,6,4,0.5,2,1,0,1.0,0,0,1,0.0,0,1,18,0.0,0,0,1,0.0
Subong,KOR,22,11,15,11.0,2,3,2,1.0,6,3,0,3.0,14,7,35,7.0,0,4,16,1.0,0,0,10,0.0
Suihkonen,FIN,9,6,17,4.5,2,3,5,1.0,6,5,0,3.0,8,0,26,4.0,0,3,20,0.0,1,0,6,0.5
Sulaiman,QAT,0,0,0,0.0,0,0,0,0.0,1,4,0,0.33,1,1,11,0.33,0,0,0,0.0,0,0,4,0.0
Sungjin,KOR,0,0,0,0.0,0,0,0,0.0,0,0,0,0.0,0,0,2,0.0,0,0,1,0.0,0,0,0,0.0
Synytsia,UKR,0,0,1,0.0,2,4,6,1.0,5,0,0,2.5,0,0,0,0.0,0,2,13,0.5,41,1,57,20.5
Szalpuk,POL,4,1,2,1.33,0,2,0,0.0,1,1,0,0.33,0,0,5,0.0,0,1,4,0.0,0,0,0,0.0
T. Štern,SLO,44,12,29,14.67,7,9,12,2.33,8,7,0,2.67,1,1,4,0.33,0,15,27,0.67,0,0,5,0.0
Taejun,KOR,0,0,0,0.0,0,0,0,0.0,2,1,0,1.0,0,0,0,0.0,0,0,3,0.0,3,0,15,1.5
Taekeui,KOR,1,0,0,0.5,0,3,4,0.0,5,11,0,2.5,0,0,0,0.0,0,2,20,0.5,49,0,80,24.5
Taguibolos,PHI,3,0,2,1.5,1,9,2,0.5,1,0,0,0.5,0,0,0,0.0,0,4,6,0.0,0,0,0,0.0
Tatarov,BUL,1,0,1,0.33,0,0,0,0.0,0,0,0,0.0,0,0,0,0.0,0,0,1,0.0,0,0,0,0.0
Tavares,POR,2,2,1,0.67,1,6,4,0.33,1,3,0,0.33,0,0,2,0.0,0,6,27,1.67,93,0,65,31.0
Tervaportti,FIN,0,0,0,0.0,0,0,1,0.0,0,0,0,0.0,0,0,0,0.0,0,0,6,0.0,4,0,14,2.0
Thondike,CUB,5,4,1,1.67,4,4,6,1.33,4,6,0,1.33,0,1,2,0.0,0,7,16,0.0,70,4,85,23.33
Todorović,SRB,0,0,0,0.0,0,0,0,0.0,0,0,0,0.0,0,0,0,0.0,0,0,0,0.0,0,0,0,0.0
Todua,UKR,0,0,0,0.0,0,0,0,0.0,0,0,0,0.0,0,0,0,0.0,0,0,0,0.0,0,0,0,0.0
Toniutti,FRA,0,0,0,0.0,0,0,0,0.0,0,1,0,0.0,0,0,0,0.0,0,0,3,0.0,7,0,12,3.5
Torwie,GER,1,0,0,0.33,0,0,0,0.0,0,0,0,0.0,0,0,0,0.0,0,0,1,0.0,0,0,1,0.0
Tuinstra,NED,22,13,30,7.33,2,10,3,0.67,10,2,0,3.33,12,2,33,4.0,0,6,20,1.33,1,0,2,0.33
Tupchii,UKR,20,5,14,10.0,3,5,4,1.5,5,3,0,2.5,0,0,0,0.0,0,3,23,1.5,0,0,3,0.0
Tyynismaa,FIN,18,2,7,9.0,11,11,26,5.5,1,3,0,0.5,1,0,1,0.5,0,6,29,0.5,0,0,3,0.0
Tümer,TUR,4,1,4,1.33,2,3,2,0.67,1,0,0,0.33,0,0,1,0.0,0,2,5,0.0,1,0,2,0.33
Urnaut,SLO,0,0,0,0.0,0,0,0,0.0,0,0,0,0.0,0,0,0,0.0,0,0,0,0.0,0,0,0,0.0
Uryvkin,UKR,0,0,0,0.0,0,0,0,0.0,0,0,0,0.0,0,0,0,0.0,0,0,0,0.0,0,0,0,0.0
V. Hoyweghen,BEL,0,0,0,0.0,0,0,0,0.0,0,0,0,0.0,0,0,0,0.0,0,0,1,0.0,0,0,4,0.0
Valenzuela,CHI,12,2,6,4.0,1,8,9,0.33,1,2,0,0.33,0,0,2,0.0,0,3,20,0.0,0,0,2,0.0
Van Der Ent,NED,9,1,7,3.0,5,11,9,1.67,2,3,0,0.67,2,0,0,0.67,0,4,14,0.0,0,0,2,0.0
Vasina,CZE,23,2,15,11.5,2,5,2,1.0,5,3,0,2.5,18,3,32,9.0,0,4,23,1.0,0,0,5,0.0
Verwimp K.,BEL,0,0,0,0.0,0,0,0,0.0,0,0,0,0.0,0,0,1,0.0,0,0,0,0.0,0,0,0,0.0
Vicentin,ARG,16,7,18,8.0,5,4,4,2.5,6,1,0,3.0,5,3,20,2.5,0,4,12,0.5,1,0,2,0.5
Violas,POR,2,0,0,0.67,1,1,3,0.33,1,2,0,0.33,0,1,0,0.0,0,3,15,0.0,39,2,28,13.0
Waleed,QAT,5,6,7,1.67,0,0,3,0.0,1,2,0,0.33,4,2,18,1.33,0,2,5,0.0,0,0,3,0.0
Wang B.,CHN,23,2,22,11.5,0,1,2,0.0,7,6,0,3.5,1,0,36,0.5,0,4,19,1.0,0,0,2,0.0
Wang H.B.,CHN,0,0,0,0.0,0,1,0,0.0,2,0,0,1.0,0,0,0,0.0,0,2,9,0.0,18,0,26,9.0
Wassenaar Ketrzynski,CAN,5,0,6,1.67,0,1,3,0.0,1,0,0,0.33,0,0,0,0.0,0,4,0,0.0,0,0,1,0.0
Wen Z. H.,CHN,4,7,8,2.0,0,2,3,0.0,3,6,0,1.5,0,0,0,0.0,0,1,8,0.5,0,0,0,0.0
Wijkstra,NED,0,1,0,0.0,0,0,0,0.0,0,0,0,0.0,0,0,0,0.0,0,0,0,0.0,0,0,0,0.0
Wiltenburg,NED,1,0,0,0.33,0,0,0,0.0,3,0,0,1.0,0,0,0,0.0,0,3,8,0.0,0,0,0,0.0
Y. Oughlaf,QAT,37,16,40,12.33,1,9,4,0.33,15,2,0,5.0,0,1,3,0.0,0,8,23,0.0,0,1,10,0.0
Yamamoto,JPN,0,0,0,0.0,0,0,0,0.0,13,1,0,4.33,3,3,22,1.0,0,0,0,0.0,0,0,5,0.0
Yanchuk,UKR,19,8,16,9.5,3,5,2,1.5,3,4,0,1.5,5,4,23,2.5,0,5,14,2.0,0,0,8,0.0
Yant,CUB,31,10,30,10.33,3,8,8,1.0,3,3,0,1.0,16,3,60,5.33,0,8,26,0.67,0,0,4,0.0
Yasso,EGY,1,0,0,0.5,3,5,5,1.5,3,3,0,1.5,0,0,0,0.0,0,8,24,1.5,62,0,99,31.0
Ybanez,PHI,0,0,0,0.0,0,0,0,0.0,15,4,0,7.5,14,1,32,7.0,0,0,0,0.0,0,1,15,0.0
Yenipazar,TUR,2,0,5,0.67,3,4,10,1.0,6,10,0,2.0,0,0,0,0.0,0,7,44,0.33,96,0,102,32.0
Young,CAN,8,1,9,2.67,2,1,3,0.67,3,2,0,1.0,1,1,13,0.33,0,3,4,0.33,0,0,4,0.0
Youngseok,KOR,8,3,4,4.0,5,3,5,2.5,3,1,0,1.5,0,0,0,0.0,0,2,21,0.0,0,0,2,0.0
Yousef,IRI,8,3,1,4.0,1,6,1,0.5,0,1,0,0.0,0,0,1,0.0,0,2,14,0.0,0,0,1,0.0
Yu Y.C.,CHN,0,0,1,0.0,0,2,4,0.0,1,6,0,0.5,0,0,1,0.0,0,1,21,0.0,26,2,90,13.0
Yu Y.T.,CHN,1,0,1,0.5,1,1,0,0.5,0,1,0,0.0,0,0,5,0.0,0,0,2,0.0,0,0,0,0.0
Yüksel,TUR,12,2,12,4.0,0,3,3,0.0,7,0,0,2.33,3,0,11,1.0,0,2,7,0.33,0,0,0,0.0
Z. Osama,EGY,3,2,3,1.5,0,4,2,0.0,0,1,0,0.0,0,0,0,0.0,0,2,2,0.0,0,0,0,0.0
Z. Štern,SLO,31,12,22,10.33,2,6,8,0.67,13,4,0,4.33,12,3,36,4.0,0,3,33,1.67,0,0,6,0.0
Zajicek,CZE,5,1,9,2.5,1,5,6,0.5,4,3,0,2.0,1,0,7,0.5,0,4,14,0.5,0,0,1,0.0
Zakka Ragab Tarek,LBA,0,0,0,0.0,0,0,0,0.0,0,0,0,0.0,0,0,0,0.0,0,0,0,0.0,0,0,2,0.0
Zerba,ARG,4,1,2,2.0,1,2,3,0.5,2,2,0,1.0,0,0,1,0.0,0,0,7,0.0,0,0,0,0.0
Zerouka,ALG,0,0,0,0.0,0,0,0,0.0,0,1,0,0.0,0,1,2,0.0,0,0,0,0.0,0,0,2,0.0
Zhang Z.J.,CHN,0,0,5,0.0,0,2,3,0.0,0,0,0,0.0,0,0,0,0.0,0,0,2,0.0,0,1,2,0.0
Zhelev,BUL,0,0,0,0.0,0,0,0,0.0,2,0,0,0.67,0,0,0,0.0,0,0,0,0.0,0,0,0,0.0
Zimmermann,GER,2,0,2,0.67,2,3,9,0.67,16,9,0,5.33,0,0,1,0.0,0,2,39,0.0,81,1,130,27.0
jnefa,LBA,0,0,3,0.0,0,1,0,0.0,0,0,0,0.0,0,0,0,0.0,0,0,3,0.0,0,0,0,0.0
larrahondo,COL,0,0,0,0.0,0,0,0,0.0,0,0,0,0.0,0,0,0,0.0,0,2,7,0.0,0,0,0,0.0
Štalekar,SLO,1,0,1,0.33,0,2,0,0.0,0,1,0,0.0,0,0,1,0.0,0,0,1,0.0,0,0,0,0.0
